employee_id,department,age,tenure_years,weekly_hours,overtime_flag,job_satisfaction_1_5,monthly_salary_eur,exit_interview_score_after_leaving,attrition_next_6m
E00000,Sales,41,14,37,0,4,4506.51,,0
E00001,Finance,62,19,28,0,5,4939.86,,0
E00002,Finance,25,5,43,0,5,3562.37,,0
E00003,Finance,54,1,29,0,2,2151.15,2,1
E00004,IT,39,17,43,0,2,4316.36,,0
E00005,Sales,31,8,34,0,5,3791.45,,0
E00006,IT,40,12,53,1,4,3426.43,,0
E00007,IT,30,15,39,1,1,3923.69,,0
E00008,HR,49,21,35,0,3,5471.03,,0
E00009,HR,28,5,33,0,2,3120.65,,0
E00010,Finance,31,18,33,0,5,4361.2,,0
E00011,Sales,55,8,42,0,3,3847.36,,0
E00012,Finance,27,16,45,1,3,4119.7,,0
E00013,HR,22,21,35,0,5,4977.85,,0
E00014,HR,21,11,52,1,3,4128.14,,0
E00015,HR,46,22,35,0,2,5205.47,5,1
E00016,Operations,27,12,50,1,2,3671.94,,0
E00017,Sales,50,12,52,1,2,3948.66,,0
E00018,Finance,33,14,58,1,1,4211.26,,0
E00019,IT,22,12,33,0,1,-1,,0
E00020,IT,24,21,40,0,4,4769.99,,0
E00021,Operations,22,11,44,1,3,3927.63,,0
E00022,Operations,38,12,43,0,5,3343.38,,0
E00023,Finance,44,10,33,0,4,3126.46,,0
E00024,HR,58,1,39,0,3,2852.74,,0
E00025,Operations,57,1,37,1,5,2995.99,,0
E00026,Operations,41,19,40,1,5,4778.37,,0
E00027,Finance,31,17,51,1,4,3887.11,,0
E00028,HR,49,9,56,1,1,3789.14,,0
E00029,Finance,53,11,40,0,2,4011.11,,0
E00030,Finance,32,16,44,1,3,4609.7,,0
E00031,HR,39,0,51,1,2,2572.02,,0
E00032,Operations,25,2,32,0,4,2826.36,,0
E00033,IT,24,20,36,0,3,4976.41,,0
E00034,IT,38,21,55,1,1,4875.43,,0
E00035,IT,50,20,57,1,3,4781.92,,0
E00036,HR,28,18,28,0,2,5051.96,,0
E00037,Operations,24,19,54,1,3,4769.31,2,1
E00038,HR,45,22,50,1,2,5051.93,,0
E00039,Operations,56,12,55,1,5,3315.88,,0
E00040,Sales,56,4,46,1,3,3323.71,,0
E00041,Sales,54,1,35,0,4,3114.85,,0
E00042,Finance,51,13,38,0,1,4284.79,,0
E00043,Sales,22,16,29,0,5,4330.26,,0
E00044,IT,33,5,29,0,1,3340.1,,0
E00045,Finance,25,3,49,1,1,2822.97,,0
E00046,Sales,20,1,33,1,1,2671.72,,0
E00047,IT,26,4,56,1,1,3067.1,,0
E00048,IT,55,17,31,0,5,4605.73,,0
E00049,Operations,42,9,38,0,5,3627.05,,0
E00050,Operations,54,6,48,1,5,3539.4,,0
E00051,Sales,26,4,41,0,2,3814.35,,0
E00052,HR,35,16,28,0,5,4648.03,,0
E00053,HR,44,22,36,0,4,5541.19,,0
E00054,IT,48,5,38,0,3,3266.38,,0
E00055,Operations,20,22,44,1,2,5292.8,,0
E00056,Finance,50,15,40,0,3,3983.78,,0
E00057,Sales,27,19,34,0,5,4572.61,,0
E00058,Sales,42,2,34,0,3,3136.24,,0
E00059,Sales,54,5,55,1,5,2910.73,,0
E00060,IT,44,10,34,0,3,3565.13,,0
E00061,IT,32,19,39,0,5,4882.21,,0
E00062,IT,37,1,58,1,5,2703.22,,0
E00063,Finance,40,1,47,1,5,2287.0,,0
E00064,Sales,62,7,49,1,2,3068.87,,0
E00065,IT,39,0,42,0,5,2381.22,,0
E00066,HR,32,0,33,0,5,2623.08,,0
E00067,Operations,58,21,57,1,5,4372.22,,0
E00068,HR,27,14,54,1,2,4174.96,2,1
E00069,IT,47,11,48,1,1,3247.71,,0
E00070,IT,42,22,37,0,4,5758.91,,0
E00071,Sales,28,19,32,0,4,4613.1,,0
E00072,IT,51,5,51,1,2,3171.59,,0
E00073,IT,50,16,39,0,3,4751.64,,0
E00074,Operations,49,18,34,0,2,4458.83,,0
E00075,HR,59,21,49,1,2,4811.8,,0
E00076,Sales,22,12,58,1,2,3812.4,2,1
E00077,Sales,48,9,57,1,4,3447.74,,0
E00078,HR,35,9,48,1,4,3784.16,,0
E00079,IT,42,12,56,1,2,4264.84,,0
E00080,Operations,36,20,50,1,1,5026.43,,0
E00081,IT,23,21,49,1,4,4854.82,,0
E00082,Operations,48,4,54,1,2,2860.67,,0
E00083,HR,39,7,29,0,2,3699.47,4,1
E00084,Finance,44,11,49,1,2,3917.81,,0
E00085,Sales,30,21,46,1,4,4688.16,,0
E00086,HR,30,0,37,1,1,2418.05,,0
E00087,HR,44,18,46,1,2,4189.11,,0
E00088,Sales,62,6,39,0,5,2763.96,,0
E00089,IT,44,1,51,1,3,1928.3,,0
E00090,Operations,37,1,49,1,3,2401.15,,0
E00091,Sales,36,7,37,0,5,3289.24,,0
E00092,IT,33,18,46,1,5,4969.42,,0
E00093,Operations,34,4,44,1,5,3112.52,5,1
E00094,HR,21,16,48,1,2,5280.84,,0
E00095,IT,49,13,45,1,5,3979.99,,0
E00096,Finance,30,1,32,0,1,2566.57,,0
E00097,Finance,55,21,51,1,1,3963.59,,0
E00098,IT,38,11,34,0,5,4031.22,,0
E00099,Operations,46,0,46,1,1,2521.46,,0
E00100,Sales,29,8,37,0,1,3536.63,,0
E00101,HR,56,15,38,0,5,4155.54,,0
E00102,Operations,62,15,48,1,5,4279.26,5,1
E00103,HR,22,19,38,0,1,5156.42,,0
E00104,Operations,59,2,37,0,3,3504.63,,0
E00105,Operations,35,1,56,1,2,2817.51,,0
E00106,Finance,31,9,28,1,1,3099.5,,0
E00107,Sales,51,11,29,0,4,3867.17,4,1
E00108,IT,29,11,50,1,2,3761.63,,0
E00109,IT,52,0,56,1,2,2064.9,,0
E00110,Operations,57,0,49,1,1,2619.2,,0
E00111,Operations,41,20,36,0,5,4969.03,,0
E00112,Sales,54,22,51,1,2,5392.49,3,1
E00113,IT,32,2,57,1,2,2474.83,1,1
E00114,IT,24,9,51,1,2,3280.55,,0
E00115,Operations,28,0,42,0,3,3057.62,,0
E00116,IT,43,10,56,1,4,4136.65,,0
E00117,HR,55,8,50,1,3,3086.81,,0
E00118,IT,60,11,41,0,1,3831.73,,0
E00119,Sales,20,19,39,1,3,4687.49,,0
E00120,IT,57,20,43,0,4,4756.96,,0
E00121,Finance,56,5,29,0,5,3284.55,,0
E00122,HR,48,12,36,0,5,4594.64,,0
E00123,Finance,62,16,45,1,2,3839.45,,0
E00124,HR,24,10,51,1,5,3906.43,,0
E00125,Sales,27,2,35,1,1,2914.54,2,1
E00126,HR,32,17,31,0,5,3918.58,,0
E00127,Finance,35,3,46,1,2,3298.14,,0
E00128,HR,28,1,35,0,2,2350.65,,0
E00129,Sales,23,1,51,1,4,3344.05,,0
E00130,Operations,47,5,34,1,1,2430.53,,0
E00131,Operations,62,13,32,0,5,4109.97,,0
E00132,HR,57,15,50,1,5,4375.61,,0
E00133,Finance,29,18,39,0,3,4243.5,,0
E00134,Sales,27,17,29,0,2,4605.2,,0
E00135,Sales,28,3,30,0,2,2476.16,,0
E00136,IT,46,20,51,1,3,4585.17,,0
E00137,IT,35,18,47,1,1,4415.46,,0
E00138,Operations,50,7,48,1,4,3481.24,,0
E00139,Operations,24,2,52,1,5,2811.53,,0
E00140,Finance,38,12,35,0,5,3518.6,,0
E00141,Sales,58,19,48,1,4,4032.67,4,1
E00142,Finance,55,6,33,1,4,3200.76,,0
E00143,IT,35,15,47,1,5,3997.06,,0
E00144,IT,45,17,33,0,2,4655.02,3,1
E00145,Operations,29,0,30,0,4,2252.04,,0
E00146,Finance,39,15,50,1,3,5076.4,,0
E00147,Sales,25,15,58,1,1,4342.17,,0
E00148,Finance,53,10,35,0,4,3604.79,,0
E00149,Operations,61,18,46,1,3,4427.94,,0
E00150,Operations,30,10,54,1,1,2806.87,,0
E00151,Finance,57,5,42,0,2,3267.58,,0
E00152,IT,43,16,34,0,5,4394.47,,0
E00153,Finance,43,13,43,0,4,3421.95,,0
E00154,IT,56,12,30,0,3,4042.41,,0
E00155,Operations,21,4,40,1,3,2769.29,,0
E00156,IT,23,19,42,0,2,4784.13,,0
E00157,Sales,42,19,52,1,2,4960.86,,0
E00158,Finance,24,12,49,1,1,3978.0,5,1
E00159,Finance,22,4,49,1,2,2861.83,,0
E00160,IT,59,22,39,0,4,5213.56,,0
E00161,HR,36,2,42,0,4,2917.84,,0
E00162,IT,50,22,46,1,5,4815.58,,0
E00163,Finance,39,18,56,1,1,5379.06,5,1
E00164,Finance,43,5,45,1,2,3488.35,,0
E00165,IT,35,0,30,0,4,3254.53,,0
E00166,Sales,43,15,44,1,5,4322.02,,0
E00167,HR,35,6,29,1,4,3747.5,,0
E00168,IT,26,18,28,0,5,4211.32,,0
E00169,Finance,55,18,32,0,3,4655.74,,0
E00170,Sales,38,21,49,1,2,5025.06,,0
E00171,Sales,20,21,37,1,4,4946.37,,0
E00172,HR,44,1,46,1,5,3006.83,,0
E00173,Sales,44,1,38,0,5,2655.33,,0
E00174,Sales,46,18,45,1,3,5513.73,,0
E00175,Operations,59,11,44,1,1,4142.01,,0
E00176,Finance,52,20,55,1,3,4474.75,,0
E00177,Finance,60,21,45,1,3,5620.8,,0
E00178,Finance,54,16,47,1,5,4374.63,,0
E00179,Finance,41,10,39,0,1,3661.19,,0
E00180,Sales,35,0,45,1,3,2655.57,,0
E00181,IT,58,5,44,1,1,2921.14,,0
E00182,Finance,54,16,30,0,2,4105.0,,0
E00183,Operations,39,1,42,0,3,2677.95,,0
E00184,Finance,55,1,58,1,2,2864.44,,0
E00185,IT,33,19,37,0,2,4625.22,,0
E00186,HR,41,3,58,1,1,2666.23,,0
E00187,Operations,48,16,57,1,3,4159.55,,0
E00188,Sales,58,22,40,0,4,5319.4,,0
E00189,IT,32,22,54,1,5,5250.67,1,1
E00190,Finance,47,12,48,1,5,3303.34,,0
E00191,Finance,42,20,33,1,5,4742.68,,0
E00192,Sales,35,8,46,1,5,3928.35,,0
E00193,Finance,48,19,39,0,2,4859.83,,0
E00194,Operations,33,17,39,0,3,4921.61,,0
E00195,Sales,59,3,48,1,2,2347.48,5,1
E00196,IT,41,4,52,1,2,3064.71,,0
E00197,IT,38,22,47,1,2,4988.16,,0
E00198,HR,23,0,36,0,3,2645.34,,0
E00199,Finance,32,5,34,0,5,3276.56,,0
E00200,Finance,55,13,58,1,2,3971.89,,0
E00201,Sales,28,8,50,1,4,2578.35,,0
E00202,Finance,25,8,51,1,4,3034.47,,0
E00203,Finance,33,18,51,1,1,4712.48,4,1
E00204,Finance,35,2,55,1,2,3245.13,,0
E00205,IT,45,11,40,0,5,3471.58,1,1
E00206,Sales,38,13,55,1,4,4461.13,,0
E00207,IT,38,20,39,0,2,4960.95,,0
E00208,Sales,36,6,33,0,1,2936.98,,0
E00209,IT,20,2,54,1,1,3267.03,,0
E00210,IT,62,21,42,1,5,5461.2,,0
E00211,Finance,37,13,40,1,3,3731.04,,0
E00212,Sales,38,3,56,1,2,3279.55,,0
E00213,Finance,58,4,50,1,4,3488.56,,0
E00214,IT,36,16,45,1,4,4867.73,4,1
E00215,IT,54,19,43,0,2,4343.94,,0
E00216,Finance,33,13,56,1,3,4355.58,,0
E00217,Operations,24,8,42,0,5,3809.34,,0
E00218,Operations,56,9,56,1,3,3332.22,,0
E00219,Sales,46,20,34,0,4,4089.7,,0
E00220,IT,52,10,49,1,1,4060.22,1,1
E00221,Sales,45,17,49,1,3,4880.92,,0
E00222,HR,59,7,57,1,3,3405.99,,0
E00223,Operations,27,3,31,0,5,2641.68,,0
E00224,Operations,21,6,53,1,1,3537.44,,0
E00225,Sales,42,18,47,1,2,3972.28,,0
E00226,HR,48,1,43,0,2,3597.98,2,1
E00227,IT,39,3,58,1,2,2683.05,,0
E00228,HR,38,3,29,0,3,2185.47,,0
E00229,HR,41,17,53,1,3,4843.46,,0
E00230,IT,35,5,50,1,3,3141.96,,0
E00231,HR,39,11,44,1,4,3292.85,,0
E00232,Finance,26,12,38,0,2,4272.29,,0
E00233,HR,39,3,52,1,3,2828.84,,0
E00234,Operations,32,4,29,0,3,3525.92,,0
E00235,Operations,43,6,56,1,2,3499.43,,0
E00236,IT,22,14,29,1,5,4170.5,,0
E00237,Operations,28,15,54,1,1,4587.89,,0
E00238,HR,38,9,35,0,5,3917.87,,0
E00239,IT,21,2,49,1,3,3038.57,,0
E00240,Operations,58,22,54,1,5,4914.77,,0
E00241,Operations,59,7,50,1,2,4226.17,,0
E00242,IT,35,0,43,1,1,2462.77,4,1
E00243,Finance,49,14,29,1,5,3473.97,,0
E00244,Sales,35,7,28,0,4,3093.44,,0
E00245,Sales,43,11,48,1,2,3245.21,,0
E00246,IT,40,4,54,1,3,3080.56,,0
E00247,Finance,20,2,32,0,4,2934.58,,0
E00248,IT,22,20,46,1,5,4237.77,,0
E00249,IT,37,4,53,1,2,2869.13,,0
E00250,Sales,46,4,45,1,3,3086.83,,0
E00251,HR,24,18,46,1,1,4969.4,,0
E00252,Finance,56,18,51,1,4,4770.51,1,1
E00253,Finance,58,14,29,0,4,3924.17,,0
E00254,HR,41,8,31,0,3,3593.25,,0
E00255,Operations,32,15,45,1,2,4268.31,,0
E00256,Finance,58,11,57,1,1,4084.14,,0
E00257,HR,28,7,49,1,2,3368.3,4,1
E00258,Operations,62,13,48,1,1,4443.35,,0
E00259,Operations,51,3,55,1,3,3315.0,,0
E00260,Finance,46,16,39,0,1,3926.8,,0
E00261,Operations,56,5,33,0,4,3465.18,,0
E00262,Sales,24,21,48,1,2,4030.1,,0
E00263,HR,33,8,51,1,2,3604.32,5,1
E00264,HR,51,15,34,0,3,4075.14,,0
E00265,HR,49,21,35,0,2,4917.42,,0
E00266,IT,61,18,41,0,3,4492.87,,0
E00267,IT,61,6,33,0,1,2888.21,,0
E00268,Finance,48,3,41,0,5,2856.92,,0
E00269,Sales,42,16,55,1,5,4315.04,,0
E00270,Finance,27,15,47,1,5,3795.52,1,1
E00271,Sales,50,21,41,0,1,5053.7,,0
E00272,Sales,51,4,38,0,1,3799.82,,0
E00273,HR,21,0,33,1,5,2812.91,,0
E00274,HR,39,22,35,0,5,5318.71,,0
E00275,Operations,28,5,45,1,3,3641.3,,0
E00276,Finance,33,9,44,1,4,3677.36,,0
E00277,IT,38,7,39,0,1,3200.39,,0
E00278,Sales,26,19,42,0,1,5043.08,,0
E00279,HR,40,0,38,0,1,2576.87,,0
E00280,Operations,24,5,53,1,3,3706.96,,0
E00281,Operations,50,18,39,0,2,5114.52,,0
E00282,HR,43,17,44,1,4,4468.31,,0
E00283,Operations,53,18,48,1,5,4368.74,,0
E00284,Finance,49,22,46,1,5,5288.84,,0
E00285,HR,57,22,42,0,1,5297.39,,0
E00286,Operations,37,17,46,1,2,4803.13,,0
E00287,HR,43,16,39,0,5,4317.59,2,1
E00288,Operations,33,5,43,0,1,3182.94,,0
E00289,HR,46,1,28,0,1,1892.53,,0
E00290,IT,29,12,41,0,2,3917.53,,0
E00291,Operations,57,5,35,0,2,2510.73,,0
E00292,Operations,44,0,28,0,1,2232.96,,0
E00293,Finance,54,0,42,0,5,2740.81,,0
E00294,Finance,36,4,54,1,1,3427.91,,0
E00295,IT,32,16,44,1,2,3720.26,,0
E00296,HR,35,21,33,0,1,5018.81,,0
E00297,IT,46,7,47,1,4,3506.51,,0
E00298,HR,20,7,58,1,4,4196.41,2,1
E00299,Finance,62,4,56,1,1,3662.62,,0
E00300,Sales,55,12,33,0,2,4162.91,,0
E00301,HR,46,1,43,0,4,2943.95,,0
E00302,Sales,27,21,32,0,4,4600.5,,0
E00303,Sales,32,1,28,1,5,2852.21,,0
E00304,Sales,56,10,49,1,1,3539.05,,0
E00305,Operations,45,15,51,1,5,4175.33,,0
E00306,Sales,62,6,37,0,1,3224.39,,0
E00307,Finance,51,15,38,0,4,3355.29,,0
E00308,Sales,40,1,58,1,4,3028.57,,0
E00309,IT,24,15,42,1,3,4363.51,1,1
E00310,IT,37,13,53,1,3,3721.66,,0
E00311,HR,55,12,48,1,1,3649.23,,0
E00312,Operations,26,9,58,1,1,2865.68,,0
E00313,IT,47,20,28,0,5,4795.09,,0
E00314,Sales,29,9,42,1,2,3492.34,,0
E00315,Sales,25,6,40,0,2,3100.5,,0
E00316,Sales,48,21,34,0,4,4845.29,,0
E00317,Operations,40,1,31,0,5,2679.95,,0
E00318,HR,43,18,46,1,2,4300.18,2,1
E00319,Sales,37,11,53,1,4,4341.31,,0
E00320,Operations,33,22,51,1,1,5085.59,,0
E00321,HR,51,12,37,0,5,4040.65,,0
E00322,Finance,26,2,43,1,4,2244.51,,0
E00323,HR,62,7,42,0,4,4007.9,,0
E00324,Sales,32,5,57,1,4,3131.27,,0
E00325,Sales,48,15,47,1,2,3934.02,,0
E00326,Operations,23,21,56,1,4,5096.33,,0
E00327,HR,61,9,45,1,1,3848.19,,0
E00328,Finance,28,3,55,1,3,2711.9,,0
E00329,HR,51,22,38,1,2,5215.45,,0
E00330,Sales,57,8,31,0,3,3956.72,,0
E00331,Sales,22,16,34,0,5,4204.57,,0
E00332,IT,40,6,54,1,1,3215.24,,0
E00333,HR,43,22,28,0,5,5240.82,,0
E00334,IT,43,5,51,1,3,3394.06,,0
E00335,HR,24,11,43,1,5,3520.7,1,1
E00336,HR,35,12,50,1,2,3876.99,,0
E00337,HR,55,2,34,0,5,2965.88,,0
E00338,Finance,37,19,32,0,2,4680.0,,0
E00339,HR,26,20,56,1,3,4976.49,3,1
E00340,Sales,34,20,30,0,2,5185.24,,0
E00341,IT,23,8,44,1,1,3494.58,,0
E00342,Finance,33,14,39,0,4,3902.48,,0
E00343,Sales,41,10,32,0,3,3218.03,,0
E00344,IT,40,2,58,1,3,3515.43,,0
E00345,Sales,24,2,40,0,1,2111.97,,0
E00346,Sales,29,11,29,0,2,4087.26,,0
E00347,IT,58,21,47,1,2,4483.14,,0
E00348,Sales,26,11,31,0,2,4257.78,,0
E00349,Sales,26,11,47,1,5,3845.74,,0
E00350,Operations,27,14,50,1,5,3651.9,,0
E00351,Operations,31,19,42,1,3,5468.1,,0
E00352,IT,42,20,35,0,1,4748.48,,0
E00353,Operations,62,3,35,0,3,3093.61,,0
E00354,Operations,52,2,31,0,1,3115.38,,0
E00355,Operations,27,20,56,1,3,5117.2,3,1
E00356,Finance,26,3,40,0,3,3062.72,,0
E00357,Sales,59,10,46,1,2,3946.1,,0
E00358,Sales,38,11,28,0,5,3758.0,,0
E00359,Operations,35,8,44,1,5,3129.07,,0
E00360,Operations,35,0,54,1,3,2644.25,,0
E00361,Sales,57,17,40,1,1,4780.0,,0
E00362,Sales,24,7,34,0,3,3523.27,,0
E00363,IT,36,9,35,0,3,4081.68,,0
E00364,HR,27,13,57,1,2,4181.54,,0
E00365,HR,43,3,32,0,1,2523.13,,0
E00366,Finance,57,11,51,1,3,3636.79,,0
E00367,HR,35,10,52,1,5,3697.0,3,1
E00368,Operations,36,6,53,1,4,3404.4,2,1
E00369,Sales,30,14,58,1,4,4261.69,,0
E00370,IT,28,18,40,0,3,4813.38,,0
E00371,IT,24,3,29,0,3,2312.65,,0
E00372,IT,26,14,54,1,2,4383.54,,0
E00373,Finance,43,12,53,1,4,3620.58,4,1
E00374,HR,50,10,39,0,5,3390.38,,0
E00375,IT,41,7,58,1,2,2713.72,,0
E00376,Operations,58,7,40,0,2,3245.6,1,1
E00377,IT,55,6,38,0,2,3813.91,,0
E00378,HR,55,0,52,1,2,2760.35,,0
E00379,Finance,55,21,55,1,3,5289.12,,0
E00380,Operations,58,2,57,1,5,3643.9,,0
E00381,Finance,20,22,37,0,4,5200.05,,0
E00382,Operations,30,15,39,0,5,4372.6,,0
E00383,Finance,48,16,44,1,3,4087.91,,0
E00384,Finance,29,22,42,0,2,4881.91,,0
E00385,HR,27,9,51,1,5,3792.1,,0
E00386,Sales,41,5,37,1,3,3509.19,,0
E00387,Sales,40,1,32,0,2,2754.83,2,1
E00388,HR,35,3,40,0,4,3063.32,,0
E00389,Sales,37,10,50,1,3,3612.96,,0
E00390,Sales,45,18,42,0,1,4954.24,,0
E00391,Operations,54,11,36,0,4,4084.02,,0
E00392,HR,50,1,41,0,3,3090.76,,0
E00393,IT,48,5,29,0,2,3108.09,,0
E00394,IT,35,19,47,1,5,4514.6,,0
E00395,Finance,60,7,47,1,5,2817.96,,0
E00396,Finance,50,3,38,0,1,2307.79,,0
E00397,HR,56,14,47,1,2,4103.92,,0
E00398,Finance,52,3,45,1,4,3081.29,4,1
E00399,Finance,42,8,54,1,5,3054.15,,0
E00400,HR,62,1,33,0,3,2647.32,,0
E00401,HR,39,13,34,0,5,4185.4,,0
E00402,IT,38,14,37,0,2,3760.07,,0
E00403,HR,33,5,54,1,3,3574.71,,0
E00404,Operations,52,8,55,1,2,3199.22,,0
E00405,Sales,41,13,44,1,2,4155.9,5,1
E00406,IT,61,3,48,1,5,2730.42,4,1
E00407,IT,26,7,52,1,3,2928.97,,0
E00408,Operations,38,13,50,1,3,3513.36,,0
E00409,HR,41,3,51,1,2,2841.62,,0
E00410,Operations,61,12,31,0,5,3879.58,,0
E00411,HR,28,5,32,1,1,3181.02,,0
E00412,HR,46,10,58,1,5,3459.45,,0
E00413,Finance,53,14,57,1,5,4394.33,,0
E00414,IT,52,17,47,1,5,3737.03,,0
E00415,HR,28,15,35,0,3,4460.06,1,1
E00416,Finance,50,18,44,1,2,5013.49,,0
E00417,Sales,53,19,36,0,1,4177.73,,0
E00418,Operations,46,16,43,0,3,4581.83,,0
E00419,Finance,43,2,33,0,3,3426.15,,0
E00420,IT,28,7,46,1,4,3332.9,,0
E00421,IT,40,17,41,0,4,4658.38,,0
E00422,HR,22,20,36,0,3,4740.18,,0
E00423,Sales,56,22,54,1,2,4723.33,,0
E00424,HR,37,11,53,1,1,4294.08,,0
E00425,HR,35,8,44,1,5,3579.98,,0
E00426,HR,59,13,54,1,2,3979.65,,0
E00427,HR,22,8,49,1,3,3572.16,,0
E00428,Operations,42,18,41,0,2,4321.54,,0
E00429,Sales,38,20,47,1,4,5007.5,,0
E00430,Operations,21,6,29,0,2,4030.29,,0
E00431,IT,47,9,44,1,1,4388.34,,0
E00432,Operations,50,9,44,1,1,3591.26,,0
E00433,Finance,25,8,30,0,1,3340.32,,0
E00434,Finance,58,19,35,0,4,4863.62,,0
E00435,IT,55,8,52,1,2,3509.58,1,1
E00436,Sales,52,9,45,1,2,3488.09,,0
E00437,IT,31,20,55,1,3,4715.5,,0
E00438,HR,22,22,41,0,4,5129.58,,0
E00439,Sales,57,6,38,0,1,2674.43,,0
E00440,IT,48,7,42,0,4,3296.49,,0
E00441,Operations,25,17,55,1,4,4183.98,4,1
E00442,Sales,46,17,56,1,4,3839.46,,0
E00443,Sales,32,22,47,1,5,5027.17,,0
E00444,HR,49,18,58,1,5,4549.43,,0
E00445,HR,38,9,44,1,1,3560.05,,0
E00446,Sales,42,19,45,1,4,5028.62,,0
E00447,Sales,47,16,45,1,5,4641.83,,0
E00448,IT,36,5,45,1,5,3238.92,,0
E00449,Sales,62,9,52,1,5,3458.28,,0
E00450,HR,38,10,56,1,5,3920.57,,0
E00451,Sales,38,10,28,0,4,2697.12,,0
E00452,Operations,53,1,54,1,3,2802.96,,0
E00453,Finance,46,21,53,1,3,5287.85,,0
E00454,HR,60,16,28,0,5,4728.96,2,1
E00455,Operations,45,9,45,1,1,3598.18,3,1
E00456,Sales,21,8,35,0,1,3037.06,,0
E00457,Finance,22,18,44,1,1,4444.09,,0
E00458,Finance,59,14,55,1,1,3917.87,,0
E00459,Operations,54,19,35,0,5,4267.02,,0
E00460,Sales,61,14,53,1,3,4329.88,,0
E00461,HR,52,6,52,1,3,2964.64,,0
E00462,IT,35,5,36,1,5,3506.19,,0
E00463,Operations,33,15,58,1,3,3605.23,,0
E00464,Finance,48,0,29,0,3,2380.39,,0
E00465,Finance,34,14,33,0,4,4270.76,,0
E00466,Operations,20,18,49,1,1,4971.16,,0
E00467,Finance,48,10,37,0,2,3742.74,,0
E00468,Operations,62,21,47,1,5,4368.28,,0
E00469,Finance,45,18,47,1,4,5084.25,,0
E00470,Sales,47,9,30,0,3,2882.24,,0
E00471,IT,57,10,52,1,2,3563.18,,0
E00472,Operations,25,20,35,0,3,4784.62,,0
E00473,IT,48,7,42,0,5,3718.54,,0
E00474,Sales,56,5,43,0,3,3061.73,,0
E00475,Sales,41,21,35,0,1,5386.96,,0
E00476,Finance,29,21,51,1,5,5114.84,,0
E00477,Finance,21,6,50,1,3,3588.94,,0
E00478,HR,29,3,57,1,5,2577.56,,0
E00479,IT,55,0,43,0,1,3341.5,,0
E00480,IT,45,18,49,1,3,4391.52,5,1
E00481,Sales,44,10,56,1,1,3681.2,3,1
E00482,HR,36,5,44,1,3,3298.3,,0
E00483,HR,32,12,41,0,2,3220.37,,0
E00484,HR,51,16,48,1,1,3814.03,,0
E00485,IT,41,18,36,0,3,3688.99,,0
E00486,Operations,32,16,58,1,3,4451.17,,0
E00487,Finance,55,5,54,1,4,2639.05,,0
E00488,IT,36,7,33,0,5,3043.63,,0
E00489,Sales,22,15,53,1,4,4165.64,1,1
E00490,Sales,28,11,45,1,4,3807.82,,0
E00491,Finance,56,12,47,1,3,3483.02,,0
E00492,Operations,32,12,51,1,4,4104.41,,0
E00493,HR,51,5,57,1,5,2900.97,,0
E00494,Finance,33,17,51,1,5,4419.43,,0
E00495,HR,33,0,54,1,3,2655.41,,0
E00496,IT,28,9,33,0,4,3486.15,,0
E00497,IT,51,15,52,1,5,4754.75,,0
E00498,Finance,52,14,51,1,3,4335.73,,0
E00499,Finance,58,4,46,1,2,2009.99,,0
E00500,Finance,52,8,36,1,3,3257.9,,0
E00501,Finance,41,16,52,1,3,3740.96,1,1
E00502,Operations,53,12,28,1,5,3938.18,,0
E00503,IT,51,9,29,1,2,3666.1,,0
E00504,IT,49,9,34,0,4,3438.86,,0
E00505,IT,27,10,55,1,2,3146.22,,0
E00506,Sales,38,18,35,0,3,4549.28,,0
E00507,Sales,38,12,54,1,1,3840.74,,0
E00508,Sales,62,14,41,0,5,4532.53,,0
E00509,Operations,35,3,53,1,4,2466.46,,0
E00510,Finance,20,3,57,1,5,3183.61,,0
E00511,HR,62,20,36,0,3,4998.0,,0
E00512,Operations,21,16,40,0,1,3927.4,,0
E00513,Finance,21,2,43,0,1,2443.51,,0
E00514,Operations,27,7,49,1,5,2592.84,,0
E00515,HR,20,10,56,1,1,3733.42,,0
E00516,HR,50,20,35,0,1,4815.34,,0
E00517,HR,46,2,36,1,3,2276.09,,0
E00518,IT,21,6,29,0,2,3337.35,,0
E00519,Sales,30,19,52,1,1,5332.82,,0
E00520,IT,25,17,32,0,1,3834.26,4,1
E00521,Operations,46,22,28,1,2,5173.31,,0
E00522,HR,55,17,40,0,5,4242.84,,0
E00523,IT,50,21,45,1,3,4407.58,,0
E00524,Finance,34,22,28,0,5,4715.76,,0
E00525,Operations,28,0,33,0,1,2346.12,,0
E00526,IT,45,1,32,0,3,2877.68,,0
E00527,Sales,36,2,54,1,5,2901.14,5,1
E00528,Operations,37,20,30,0,4,5060.21,,0
E00529,Finance,53,7,43,0,2,3466.85,,0
E00530,Finance,42,2,45,1,5,3142.3,,0
E00531,Sales,40,21,44,1,4,4634.98,,0
E00532,IT,32,5,55,1,5,3125.61,,0
E00533,Sales,36,22,32,0,5,5355.52,,0
E00534,Operations,46,14,39,0,5,4185.73,,0
E00535,IT,30,7,46,1,1,3240.82,,0
E00536,Operations,28,4,43,0,2,2308.82,,0
E00537,HR,28,9,56,1,1,3983.85,,0
E00538,Finance,33,3,37,0,3,3677.54,,0
E00539,Sales,49,18,53,1,5,4204.53,,0
E00540,Finance,42,20,57,1,5,5501.08,,0
E00541,Operations,32,6,49,1,2,3520.54,,0
E00542,IT,28,2,50,1,4,2833.27,,0
E00543,HR,41,11,40,1,4,3700.5,,0
E00544,Operations,29,2,30,0,3,2481.57,,0
E00545,HR,46,12,58,1,5,3054.49,3,1
E00546,Operations,35,5,29,0,5,4130.49,,0
E00547,Operations,21,7,37,0,4,3469.71,,0
E00548,HR,51,12,46,1,5,4345.44,,0
E00549,Finance,26,14,33,0,3,4211.56,,0
E00550,Sales,55,19,49,1,4,4056.93,,0
E00551,IT,62,17,34,0,2,4128.94,,0
E00552,HR,60,17,45,1,1,5143.19,,0
E00553,Operations,55,15,42,0,5,4150.56,,0
E00554,Sales,34,19,48,1,4,4789.03,,0
E00555,HR,25,8,31,0,4,3545.88,,0
E00556,HR,48,7,54,1,4,3319.1,,0
E00557,Operations,53,1,50,1,4,2155.65,,0
E00558,IT,46,3,42,0,5,2842.06,,0
E00559,Operations,32,5,29,0,5,2966.27,,0
E00560,Operations,39,6,50,1,5,3335.1,,0
E00561,Operations,29,7,49,1,3,2987.22,,0
E00562,IT,40,11,38,0,4,3943.36,,0
E00563,Operations,36,9,35,1,5,3604.39,,0
E00564,Sales,61,11,31,0,3,3497.0,,0
E00565,IT,61,17,36,0,5,4819.8,,0
E00566,Operations,31,2,48,1,2,2773.5,,0
E00567,Finance,47,11,47,1,4,3958.66,,0
E00568,IT,31,3,30,0,2,3129.69,,0
E00569,Finance,50,16,57,1,4,4342.85,2,1
E00570,Sales,61,12,46,1,4,3741.39,,0
E00571,HR,20,16,48,1,5,4237.36,,0
E00572,HR,31,7,47,1,2,3188.41,,0
E00573,Operations,36,3,36,0,2,2751.01,,0
E00574,Finance,49,6,48,1,1,3013.66,5,1
E00575,Finance,22,8,30,0,2,3255.19,,0
E00576,Operations,58,4,55,1,1,3222.54,,0
E00577,HR,48,7,49,1,1,3983.99,,0
E00578,IT,60,13,53,1,3,3968.2,,0
E00579,Sales,37,19,31,1,3,4876.31,,0
E00580,Operations,39,0,56,1,2,2576.5,,0
E00581,Operations,43,21,43,1,5,4642.79,,0
E00582,Finance,54,4,33,0,1,2866.7,,0
E00583,IT,25,21,38,0,2,5100.64,,0
E00584,Sales,38,19,56,1,2,4721.53,,0
E00585,Finance,31,14,58,1,2,3306.68,,0
E00586,HR,27,19,58,1,4,4481.54,,0
E00587,Finance,59,16,47,1,1,3897.95,,0
E00588,HR,29,19,49,1,3,4624.43,,0
E00589,Finance,41,19,31,1,3,4139.11,,0
E00590,Operations,28,20,54,1,2,4748.18,,0
E00591,Finance,31,7,52,1,2,3886.28,,0
E00592,IT,59,6,29,0,3,3270.45,,0
E00593,IT,52,14,30,0,1,4479.2,,0
E00594,Finance,20,3,48,1,1,2648.6,,0
E00595,HR,26,2,46,1,3,2411.63,,0
E00596,HR,50,20,31,1,3,4737.78,,0
E00597,Finance,62,8,50,1,2,3762.25,,0
E00598,Sales,56,4,33,0,5,3081.14,,0
E00599,Finance,35,3,43,1,1,2466.51,,0
E00600,Operations,57,19,37,0,4,4545.78,4,1
E00601,IT,34,9,56,1,2,3260.72,,0
E00602,Sales,50,19,45,1,3,5058.45,,0
E00603,Operations,36,1,38,0,4,3329.24,,0
E00604,IT,55,12,31,0,2,4356.86,,0
E00605,Finance,45,5,56,1,2,3930.5,,0
E00606,Sales,33,21,51,1,1,5095.83,,0
E00607,IT,60,13,57,1,4,4460.67,1,1
E00608,HR,23,11,58,1,5,4164.17,,0
E00609,Operations,52,5,49,1,3,3292.74,,0
E00610,Operations,52,3,52,1,2,2941.26,,0
E00611,HR,52,15,35,0,3,4415.19,,0
E00612,Sales,61,4,46,1,3,2888.61,,0
E00613,HR,52,4,41,0,2,2861.17,,0
E00614,IT,49,0,56,1,1,2540.52,5,1
E00615,Finance,34,19,30,1,4,3977.36,,0
E00616,Operations,28,11,32,1,4,4316.7,,0
E00617,Sales,32,13,47,1,5,3631.62,,0
E00618,Sales,29,8,48,1,3,3574.5,,0
E00619,Sales,56,13,36,0,5,4220.04,,0
E00620,Sales,32,20,47,1,3,5022.59,,0
E00621,Sales,22,2,47,1,1,2611.36,,0
E00622,HR,26,15,49,1,1,4354.41,,0
E00623,Operations,27,19,56,1,4,4460.1,1,1
E00624,IT,28,2,36,0,5,2591.75,,0
E00625,Sales,25,18,40,0,3,4018.09,,0
E00626,Sales,53,4,40,0,2,3270.95,,0
E00627,IT,51,12,36,0,3,3882.27,,0
E00628,Sales,39,1,43,0,2,2801.56,,0
E00629,Sales,41,10,34,0,5,3302.1,,0
E00630,Operations,56,9,28,0,4,3478.28,,0
E00631,Finance,56,9,32,0,4,3238.61,,0
E00632,Operations,22,12,53,1,5,3751.73,,0
E00633,HR,20,4,34,0,2,3467.28,,0
E00634,Finance,25,16,40,0,1,4080.52,,0
E00635,IT,41,7,48,1,3,3133.32,,0
E00636,Finance,20,6,39,0,2,3480.45,,0
E00637,Sales,39,15,38,0,5,4218.3,,0
E00638,IT,27,4,42,0,1,3520.05,,0
E00639,IT,58,13,44,1,3,3620.77,,0
E00640,Operations,20,7,56,1,3,3051.11,,0
E00641,Sales,41,18,29,0,1,4745.04,,0
E00642,Sales,48,16,30,1,4,4818.44,,0
E00643,Finance,60,0,39,0,4,2615.75,,0
E00644,IT,26,9,36,0,5,3305.37,,0
E00645,Finance,60,1,36,0,3,2824.64,,0
E00646,HR,62,17,36,0,2,4084.11,,0
E00647,Operations,30,15,51,1,3,4015.89,,0
E00648,HR,24,15,28,0,4,4010.4,,0
E00649,Sales,48,18,50,1,4,4789.73,,0
E00650,Operations,41,19,31,1,1,4226.44,,0
E00651,Sales,35,10,35,0,2,4199.5,,0
E00652,Sales,42,11,47,1,3,4183.08,1,1
E00653,Finance,37,10,58,1,4,3704.8,,0
E00654,IT,23,4,52,1,3,2680.97,,0
E00655,IT,49,4,37,0,3,2891.19,,0
E00656,HR,23,22,39,1,1,4769.84,,0
E00657,HR,54,18,31,0,4,4773.94,,0
E00658,HR,41,13,58,1,1,4835.81,,0
E00659,Operations,46,11,53,1,5,4130.31,1,1
E00660,HR,41,12,37,0,1,3544.42,,0
E00661,HR,20,10,42,0,2,3896.81,,0
E00662,Sales,41,16,47,1,4,4156.43,,0
E00663,Finance,42,9,32,0,4,3062.36,,0
E00664,IT,33,3,47,1,3,2776.8,,0
E00665,Operations,41,16,39,0,3,4406.35,,0
E00666,HR,52,12,45,1,2,3906.29,4,1
E00667,Sales,40,18,39,0,3,4924.04,,0
E00668,Operations,47,12,37,0,1,3733.81,,0
E00669,Operations,31,9,43,0,1,4234.31,,0
E00670,Operations,33,18,51,1,1,4644.81,3,1
E00671,Operations,24,11,49,1,3,3607.21,,0
E00672,Operations,25,15,57,1,5,4226.97,2,1
E00673,Finance,27,18,56,1,1,4630.98,,0
E00674,Sales,56,10,54,1,2,3635.86,,0
E00675,Operations,42,12,55,1,5,3897.26,,0
E00676,IT,28,7,58,1,2,3345.55,2,1
E00677,Operations,41,16,40,0,1,4169.71,,0
E00678,Finance,34,2,31,0,3,2788.31,,0
E00679,IT,24,6,45,1,3,3353.62,,0
E00680,HR,32,19,53,1,5,4672.4,,0
E00681,Operations,43,1,45,1,1,2930.43,,0
E00682,HR,53,7,47,1,3,3878.22,,0
E00683,Finance,49,13,40,0,3,4295.14,,0
E00684,Sales,56,19,50,1,1,4252.78,,0
E00685,HR,27,15,47,1,5,4271.63,,0
E00686,HR,40,8,56,1,3,3787.04,,0
E00687,Finance,27,0,43,0,4,2719.21,,0
E00688,Operations,61,14,39,0,3,3445.37,,0
E00689,Operations,39,17,42,0,2,4430.76,,0
E00690,Operations,52,13,40,0,2,4371.2,3,1
E00691,Operations,20,17,32,0,5,4216.14,,0
E00692,Finance,53,17,30,0,2,4592.45,,0
E00693,IT,29,7,47,1,4,3074.7,,0
E00694,Finance,37,15,49,1,2,4436.17,,0
E00695,Operations,60,9,54,1,5,3627.24,,0
E00696,IT,31,20,55,1,4,4657.25,,0
E00697,Sales,61,19,46,1,1,4217.25,,0
E00698,HR,36,19,43,0,1,4077.61,3,1
E00699,Sales,60,20,40,1,4,4791.93,,0
E00700,Finance,33,20,50,1,5,4490.72,,0
E00701,Operations,53,18,43,0,5,5339.97,,0
E00702,IT,35,14,28,0,3,4049.13,,0
E00703,Sales,47,15,34,0,4,3496.68,,0
E00704,Sales,51,0,42,0,3,3082.83,,0
E00705,Operations,22,12,48,1,4,4274.37,,0
E00706,Sales,54,16,34,1,4,4668.58,,0
E00707,HR,26,19,37,0,1,4842.64,,0
E00708,IT,60,1,29,0,4,3293.03,,0
E00709,Operations,62,5,34,0,3,3308.2,,0
E00710,Operations,56,12,39,0,2,3702.47,,0
E00711,HR,42,11,46,1,3,3577.57,,0
E00712,Sales,59,14,41,0,1,4041.77,,0
E00713,HR,56,3,41,0,2,3045.09,,0
E00714,IT,36,1,30,0,4,2834.27,,0
E00715,Finance,25,1,52,1,4,2609.93,,0
E00716,HR,46,22,37,0,3,4985.08,,0
E00717,Sales,50,8,35,0,2,3672.32,,0
E00718,Operations,58,10,58,1,5,3540.93,,0
E00719,HR,52,18,32,1,4,4352.09,,0
E00720,Sales,40,1,34,0,3,3119.16,,0
E00721,Finance,20,12,40,1,4,3651.66,,0
E00722,Finance,53,14,39,0,1,4200.25,4,1
E00723,Finance,47,8,58,1,3,3700.58,,0
E00724,Sales,39,20,52,1,4,4597.38,,0
E00725,IT,33,13,42,0,4,3770.35,,0
E00726,IT,41,6,31,0,1,2973.39,,0
E00727,IT,25,17,32,0,5,4766.82,,0
E00728,Operations,56,3,34,0,3,2550.69,,0
E00729,Finance,56,17,28,0,3,4573.4,,0
E00730,Finance,24,16,58,1,4,4275.83,,0
E00731,Finance,44,17,55,1,5,4801.88,,0
E00732,Operations,54,13,54,1,1,4330.49,,0
E00733,Operations,45,14,30,0,1,4128.39,,0
E00734,Operations,45,0,57,1,5,2868.51,1,1
E00735,HR,54,14,43,0,3,4133.56,,0
E00736,Finance,56,7,32,0,4,3283.12,,0
E00737,Finance,21,14,40,0,1,4326.58,,0
E00738,HR,60,6,48,1,3,3559.8,,0
E00739,Operations,23,8,32,1,5,3403.15,,0
E00740,Operations,57,8,41,0,1,3701.98,3,1
E00741,Sales,41,21,34,0,4,4722.22,,0
E00742,Operations,55,2,45,1,2,2568.14,3,1
E00743,IT,25,2,31,0,3,2335.77,,0
E00744,IT,40,18,33,0,5,4237.07,,0
E00745,Sales,24,18,46,1,2,5065.2,,0
E00746,Finance,21,20,53,1,3,4228.28,,0
E00747,HR,41,12,37,1,1,4664.71,,0
E00748,Operations,35,9,54,1,2,3355.21,,0
E00749,IT,53,18,38,1,4,4399.38,,0
E00750,Finance,25,21,45,1,4,5200.14,,0
E00751,HR,36,16,31,0,3,4157.06,,0
E00752,Finance,58,13,57,1,4,3971.7,,0
E00753,Finance,31,0,32,0,3,2233.73,,0
E00754,Sales,38,16,40,0,2,4695.31,,0
E00755,IT,30,9,40,0,4,4393.04,,0
E00756,HR,40,15,28,0,1,4275.34,,0
E00757,Sales,22,5,58,1,5,2942.94,,0
E00758,Finance,35,13,44,1,3,4199.85,,0
E00759,IT,32,6,43,0,4,3246.88,,0
E00760,Sales,52,20,36,0,4,4759.89,,0
E00761,IT,21,21,41,0,5,4804.97,,0
E00762,HR,26,0,35,0,4,3300.07,,0
E00763,Operations,52,14,29,0,1,4288.51,,0
E00764,IT,39,19,57,1,3,4788.24,,0
E00765,Finance,29,15,54,1,1,4875.11,,0
E00766,IT,28,14,37,0,3,4402.14,,0
E00767,HR,62,22,32,0,5,5456.67,,0
E00768,Sales,60,12,44,1,4,3385.28,,0
E00769,Finance,29,11,52,1,5,3732.26,,0
E00770,IT,42,13,42,0,5,3722.44,,0
E00771,Sales,44,5,58,1,4,3654.55,,0
E00772,Finance,43,13,53,1,1,4012.67,,0
E00773,Sales,48,1,49,1,3,2804.94,5,1
E00774,Sales,34,14,29,0,1,3964.61,,0
E00775,Operations,48,17,56,1,3,3880.15,,0
E00776,Sales,41,22,33,0,1,4913.26,,0
E00777,IT,37,1,32,0,3,2743.05,,0
E00778,HR,43,0,57,1,1,2679.75,,0
E00779,Operations,35,4,37,0,4,3347.73,,0
E00780,IT,43,5,38,0,3,2753.81,,0
E00781,Finance,46,2,41,0,4,2145.2,,0
E00782,Operations,40,1,51,1,4,2221.19,,0
E00783,Finance,25,6,43,0,4,3575.98,,0
E00784,Finance,28,0,47,1,4,2774.76,,0
E00785,Finance,44,13,57,1,4,3843.34,,0
E00786,Sales,30,18,40,1,4,5003.29,,0
E00787,HR,34,12,53,1,4,3984.63,,0
E00788,Sales,60,14,40,0,3,4418.99,,0
E00789,Operations,50,0,55,1,2,2703.52,,0
E00790,Sales,49,19,52,1,1,4214.24,,0
E00791,IT,53,16,55,1,4,3867.16,,0
E00792,Operations,61,0,48,1,4,2802.24,,0
E00793,Finance,25,12,47,1,5,3530.17,,0
E00794,Finance,49,6,48,1,4,3699.87,2,1
E00795,HR,42,6,46,1,1,2911.77,,0
E00796,Finance,32,21,37,0,3,4698.48,,0
E00797,IT,39,16,51,1,5,4100.59,,0
E00798,Operations,45,4,50,1,3,2587.7,,0
E00799,IT,54,10,48,1,4,4611.85,,0
E00800,HR,57,10,54,1,5,3890.33,,0
E00801,Sales,62,9,49,1,5,4165.76,,0
E00802,Sales,52,2,39,0,1,2226.07,4,1
E00803,Operations,20,3,52,1,3,2935.57,,0
E00804,Finance,44,21,58,1,1,5000.51,,0
E00805,HR,29,12,41,1,2,3719.32,,0
E00806,HR,35,11,56,1,4,4010.06,,0
E00807,Finance,36,6,49,1,5,3049.33,,0
E00808,IT,57,20,29,0,4,4419.63,,0
E00809,HR,20,18,37,0,1,4351.08,,0
E00810,HR,24,3,57,1,2,2876.28,,0
E00811,IT,39,15,28,0,4,4478.69,,0
E00812,Sales,46,4,37,0,3,3316.74,,0
E00813,Sales,36,0,34,0,2,2776.47,,0
E00814,Finance,30,16,29,1,3,4572.45,,0
E00815,HR,22,4,53,1,3,2856.15,,0
E00816,HR,38,0,29,0,2,2661.5,,0
E00817,Finance,30,1,53,1,2,2176.43,1,1
E00818,IT,47,19,48,1,5,4670.04,,0
E00819,IT,30,5,56,1,3,3755.11,,0
E00820,Operations,42,8,53,1,5,3280.93,,0
E00821,Operations,58,14,39,0,1,4397.26,,0
E00822,HR,46,16,54,1,2,4289.2,,0
E00823,IT,29,5,51,1,2,3950.6,,0
E00824,Operations,57,12,45,1,4,4053.24,,0
E00825,HR,31,7,58,1,3,3425.65,,0
E00826,Operations,44,22,41,0,5,5071.96,,0
E00827,HR,41,17,32,0,5,4433.29,,0
E00828,IT,50,8,52,1,3,3393.54,,0
E00829,Sales,47,19,35,0,2,4595.97,,0
E00830,IT,25,9,32,0,4,3481.91,,0
E00831,Finance,29,1,32,0,3,3146.84,,0
E00832,HR,46,4,49,1,5,3691.33,,0
E00833,Sales,54,19,54,1,3,4294.69,,0
E00834,Operations,62,20,40,0,5,4426.85,,0
E00835,Operations,59,5,29,0,3,2712.09,,0
E00836,IT,30,13,43,0,4,3943.37,,0
E00837,IT,43,14,39,1,2,4067.0,,0
E00838,Finance,21,11,32,0,2,3878.28,,0
E00839,Operations,41,12,46,1,5,3980.88,,0
E00840,Finance,25,11,30,0,1,3862.02,,0
E00841,Finance,29,16,41,0,1,4161.58,,0
E00842,Operations,52,19,56,1,3,4872.86,,0
E00843,Sales,21,8,37,0,4,3935.25,,0
E00844,Sales,45,13,34,0,3,3747.96,,0
E00845,Sales,24,21,37,0,3,4754.07,,0
E00846,Sales,41,20,54,1,4,4447.15,,0
E00847,Sales,55,16,50,1,2,4615.7,,0
E00848,IT,24,18,53,1,1,4486.01,,0
E00849,Sales,40,18,55,1,4,4474.18,2,1
E00850,Sales,54,9,46,1,4,3075.16,,0
E00851,Sales,59,11,53,1,2,3272.15,,0
E00852,Operations,35,11,30,0,5,3858.09,,0
E00853,Finance,36,11,29,0,3,3609.87,,0
E00854,Operations,38,18,45,1,5,4246.51,,0
E00855,HR,57,14,37,0,3,4428.94,,0
E00856,Operations,47,14,58,1,1,3718.61,,0
E00857,IT,41,14,40,0,1,4548.22,,0
E00858,Finance,40,18,50,1,1,4330.11,,0
E00859,HR,47,16,54,1,2,4946.16,,0
E00860,IT,34,8,54,1,2,3203.96,,0
E00861,Operations,51,7,42,0,3,3127.8,,0
E00862,Finance,24,2,28,0,3,2704.28,,0
E00863,HR,32,0,53,1,1,2354.17,,0
E00864,HR,24,14,39,0,2,3890.95,,0
E00865,Finance,39,9,58,1,4,3245.0,,0
E00866,Finance,40,10,39,0,4,3454.04,,0
E00867,Sales,34,5,48,1,5,3387.13,5,1
E00868,IT,45,17,58,1,5,4191.4,,0
E00869,IT,24,21,33,0,4,4676.33,,0
E00870,Operations,26,10,54,1,4,3909.7,,0
E00871,Operations,48,12,38,0,3,3310.36,,0
E00872,Sales,62,0,42,0,1,2891.36,,0
E00873,Finance,40,1,58,1,4,2347.51,4,1
E00874,HR,55,19,54,1,3,4771.27,,0
E00875,Operations,30,19,42,0,3,4196.4,,0
E00876,Finance,50,11,43,0,4,3729.73,,0
E00877,Finance,39,12,43,0,1,3731.32,,0
E00878,Operations,26,20,47,1,2,4763.86,1,1
E00879,Operations,60,15,36,0,3,3835.81,,0
E00880,Operations,41,18,36,0,3,4987.27,,0
E00881,Operations,26,14,53,1,2,3629.29,,0
E00882,Operations,56,14,45,1,3,3571.16,,0
E00883,Sales,37,10,37,1,1,3973.0,,0
E00884,Operations,30,20,30,0,3,4646.11,,0
E00885,IT,43,15,56,1,4,4077.63,,0
E00886,Finance,45,12,53,1,3,4546.34,2,1
E00887,HR,39,7,32,0,2,3295.61,,0
E00888,IT,48,15,51,1,3,4106.44,,0
E00889,IT,27,6,37,0,5,3670.46,,0
E00890,Sales,37,20,42,0,2,4785.14,,0
E00891,Sales,25,7,56,1,3,4054.51,,0
E00892,HR,43,17,50,1,4,4561.47,,0
E00893,Finance,36,0,57,1,5,2288.81,4,1
E00894,Finance,32,18,57,1,2,5240.7,,0
E00895,Sales,31,9,44,1,5,3425.53,,0
E00896,Sales,47,11,32,0,2,4300.68,,0
E00897,Operations,40,22,30,0,4,5104.41,,0
E00898,HR,60,11,47,1,2,3630.81,,0
E00899,Operations,35,10,53,1,3,3735.61,,0
E00900,Sales,20,4,57,1,1,2181.41,,0
E00901,Finance,28,9,47,1,5,2969.92,,0
E00902,Finance,38,18,51,1,3,3888.69,,0
E00903,Operations,36,17,49,1,4,4195.34,,0
E00904,Finance,38,18,31,1,1,4221.89,5,1
E00905,Operations,21,5,37,1,2,2744.41,,0
E00906,Operations,31,5,36,1,1,3058.76,,0
E00907,Sales,36,19,44,1,2,5063.33,,0
E00908,IT,33,8,55,1,2,3882.01,,0
E00909,Sales,51,10,42,0,1,4086.53,,0
E00910,Operations,48,10,55,1,2,4081.62,4,1
E00911,HR,41,4,29,0,1,2797.82,,0
E00912,Finance,28,7,32,1,5,3449.09,,0
E00913,Operations,45,4,45,1,1,3112.35,,0
E00914,Sales,51,12,57,1,1,4160.98,,0
E00915,Sales,55,8,41,0,3,3242.8,,0
E00916,HR,43,15,37,0,1,4399.24,,0
E00917,HR,49,14,41,0,2,4493.79,,0
E00918,HR,38,12,34,0,5,3768.91,,0
E00919,HR,44,7,49,1,3,3390.26,,0
E00920,Sales,58,2,58,1,4,2626.42,,0
E00921,Operations,21,9,58,1,4,3863.38,,0
E00922,Sales,41,16,54,1,1,4405.83,,0
E00923,IT,39,18,41,0,2,5408.49,,0
E00924,Operations,40,5,45,1,2,3127.16,,0
E00925,Finance,59,17,39,0,2,4110.14,5,1
E00926,HR,54,17,51,1,4,4589.0,,0
E00927,Finance,57,0,50,1,4,2465.5,,0
E00928,Sales,59,10,42,0,4,3383.93,,0
E00929,HR,57,15,43,0,5,4287.02,,0
E00930,HR,44,3,30,0,5,3230.36,,0
E00931,HR,58,15,43,0,2,3553.63,,0
E00932,IT,42,19,54,1,4,4212.79,,0
E00933,Finance,54,16,50,1,2,3942.3,,0
E00934,IT,32,4,56,1,4,2848.15,,0
E00935,IT,54,9,46,1,1,3095.23,,0
E00936,Sales,35,15,43,0,3,3893.93,,0
E00937,IT,47,11,38,0,3,4515.61,,0
E00938,Finance,48,19,47,1,5,4458.26,,0
E00939,Finance,50,4,45,1,1,2807.97,,0
E00940,Sales,23,21,40,0,2,4961.93,,0
E00941,IT,36,4,49,1,5,2963.42,5,1
E00942,Finance,37,15,43,0,5,3922.92,,0
E00943,Operations,55,20,31,1,5,4694.38,,0
E00944,HR,23,11,29,0,2,4230.12,,0
E00945,Sales,52,9,34,0,1,3754.73,,0
E00946,HR,43,2,56,1,5,3115.16,2,1
E00947,Finance,24,10,34,1,1,3598.3,,0
E00948,Finance,37,2,30,0,1,2709.93,,0
E00949,HR,26,3,40,0,4,2976.84,,0
E00950,Sales,33,15,33,0,3,3992.47,,0
E00951,IT,59,22,55,1,3,4513.48,,0
E00952,Operations,27,13,36,0,1,4395.75,,0
E00953,IT,52,13,37,1,5,4867.75,,0
E00954,Finance,30,2,35,0,5,2587.29,,0
E00955,HR,23,6,37,0,1,3095.17,,0
E00956,Finance,58,5,30,0,3,2977.16,,0
E00957,HR,47,15,38,1,4,4140.75,4,1
E00958,HR,62,8,50,1,5,3273.85,,0
E00959,IT,23,14,57,1,5,4129.8,,0
E00960,Sales,35,11,38,0,4,3805.46,,0
E00961,IT,22,17,43,0,5,4781.92,,0
E00962,Operations,28,17,43,0,4,4814.25,,0
E00963,Operations,42,4,38,1,3,2784.47,,0
E00964,Operations,35,14,39,1,1,3996.94,,0
E00965,Sales,22,10,33,0,3,3595.96,,0
E00966,Finance,31,2,38,0,5,3311.21,,0
E00967,HR,30,20,35,0,1,5174.22,,0
E00968,IT,62,2,33,0,5,3627.55,,0
E00969,Finance,41,20,37,0,2,4334.0,,0
E00970,Sales,35,14,34,0,1,4174.47,,0
E00971,Sales,22,18,43,0,5,4309.28,4,1
E00972,HR,27,8,53,1,4,3487.86,1,1
E00973,Operations,20,2,39,0,5,2412.58,,0
E00974,IT,22,1,46,1,4,3212.64,5,1
E00975,Finance,24,3,55,1,5,3520.37,,0
E00976,Sales,25,15,54,1,5,4209.83,,0
E00977,HR,45,7,34,0,3,3058.31,,0
E00978,Finance,47,10,40,0,5,3929.97,,0
E00979,Finance,31,13,43,0,1,3571.84,,0
E00980,Finance,39,5,43,0,3,3509.85,,0
E00981,Operations,42,17,46,1,3,4329.66,,0
E00982,Sales,26,21,50,1,4,5640.69,,0
E00983,Sales,36,4,50,1,1,3687.81,,0
E00984,Sales,50,14,41,0,3,3998.35,,0
E00985,Finance,46,20,41,0,3,4706.69,,0
E00986,IT,34,4,50,1,1,3021.21,,0
E00987,Sales,53,5,41,0,4,2575.39,,0
E00988,Sales,30,20,40,0,4,4553.0,,0
E00989,Sales,38,15,41,1,3,4284.1,,0
E00990,Operations,45,11,46,1,1,3991.21,,0
E00991,IT,41,2,49,1,3,2247.52,,0
E00992,Sales,45,2,33,1,3,2505.26,,0
E00993,IT,61,15,55,1,3,3818.24,,0
E00994,Operations,21,7,36,0,2,3485.21,,0
E00995,Sales,40,13,29,0,5,4347.15,,0
E00996,Sales,31,12,57,1,1,3934.89,,0
E00997,Operations,54,1,33,0,5,2586.59,,0
E00998,IT,43,0,56,1,5,2263.14,,0
E00999,Finance,26,19,34,0,5,5119.02,,0
E01000,Finance,29,2,35,0,4,3311.66,,0
E01001,IT,38,2,57,1,3,2890.43,2,1
E01002,HR,49,12,28,0,5,3943.85,,0
E01003,Operations,45,19,54,1,3,4664.97,,0
E01004,Finance,24,2,52,1,3,2800.47,,0
E01005,Operations,54,22,58,1,3,5614.4,,0
E01006,IT,59,20,40,0,3,4980.74,,0
E01007,HR,41,12,46,1,5,3999.64,4,1
E01008,Operations,48,19,36,1,1,4617.26,,0
E01009,Sales,54,5,51,1,1,3055.16,,0
E01010,Finance,59,4,44,1,2,2927.35,,0
E01011,Operations,35,15,58,1,2,4731.72,,0
E01012,Operations,45,1,36,0,4,2634.96,,0
E01013,IT,62,7,44,1,3,3128.17,,0
E01014,IT,42,16,37,0,3,4673.9,,0
E01015,Sales,44,20,30,0,2,4023.75,,0
E01016,HR,32,4,43,0,4,2972.2,,0
E01017,Sales,27,3,55,1,3,3475.27,,0
E01018,Operations,33,16,33,0,5,4417.65,,0
E01019,Finance,45,5,29,0,2,2710.24,,0
E01020,HR,59,14,39,0,5,3426.3,,0
E01021,HR,38,5,38,0,1,2894.45,,0
E01022,HR,50,0,40,0,1,2519.11,,0
E01023,HR,37,10,36,0,2,3626.45,,0
E01024,Finance,39,16,57,1,4,4582.33,,0
E01025,IT,52,19,43,0,3,5027.67,,0
E01026,Finance,48,13,51,1,4,4191.82,,0
E01027,HR,61,11,36,1,2,3097.01,,0
E01028,Operations,33,4,36,0,1,2877.87,,0
E01029,HR,46,5,29,0,4,1968.76,,0
E01030,IT,47,1,52,1,2,2494.48,,0
E01031,Operations,54,16,29,0,4,4135.34,,0
E01032,Operations,59,6,33,1,1,3042.96,,0
E01033,IT,29,6,55,1,5,3485.63,,0
E01034,Finance,30,6,38,0,4,3325.32,,0
E01035,IT,40,9,40,1,3,3629.04,,0
E01036,Sales,50,17,39,0,1,4765.8,,0
E01037,HR,32,5,33,0,5,3503.64,,0
E01038,Operations,58,2,48,1,5,2838.03,,0
E01039,Finance,57,3,47,1,3,2558.8,,0
E01040,IT,58,8,42,0,1,3280.35,,0
E01041,HR,58,12,50,1,5,3723.03,,0
E01042,Finance,39,1,47,1,4,1778.84,,0
E01043,IT,26,7,28,0,5,3438.44,,0
E01044,IT,54,12,33,1,2,4400.57,,0
E01045,Finance,27,5,49,1,5,3341.39,,0
E01046,HR,42,11,46,1,2,3625.89,,0
E01047,HR,31,15,56,1,5,4551.08,,0
E01048,Sales,53,14,46,1,4,3372.93,,0
E01049,Sales,52,15,31,0,1,4025.95,,0
E01050,Finance,57,20,30,0,4,4411.07,,0
E01051,Operations,27,3,54,1,4,3370.92,,0
E01052,IT,34,10,48,1,2,3499.6,,0
E01053,Operations,52,5,51,1,3,3181.64,,0
E01054,Operations,38,17,51,1,1,4560.95,,0
E01055,IT,31,5,58,1,1,3311.01,,0
E01056,HR,42,3,41,0,2,3284.64,,0
E01057,HR,34,4,50,1,3,3299.35,,0
E01058,IT,45,18,28,0,1,4848.7,,0
E01059,Finance,21,22,28,0,5,4998.12,5,1
E01060,Finance,58,7,51,1,2,3138.42,5,1
E01061,Sales,38,10,42,0,4,3618.09,,0
E01062,Finance,45,16,32,0,5,4579.44,,0
E01063,IT,23,4,57,1,4,3213.23,,0
E01064,Operations,56,10,39,0,3,4017.04,,0
E01065,Sales,37,13,55,1,4,4267.43,,0
E01066,Sales,40,22,58,1,2,4997.99,3,1
E01067,Sales,40,2,58,1,5,2983.66,,0
E01068,Finance,24,13,31,0,5,4256.61,,0
E01069,Finance,20,17,50,1,2,4600.79,2,1
E01070,Finance,45,11,28,0,2,3994.34,,0
E01071,Operations,61,17,42,0,4,3943.72,,0
E01072,Operations,49,21,39,0,1,4817.2,,0
E01073,HR,24,2,29,0,3,3151.65,,0
E01074,Sales,54,19,38,0,2,4220.87,,0
E01075,HR,43,5,29,0,3,3230.55,1,1
E01076,IT,46,17,55,1,4,4483.7,,0
E01077,IT,27,0,41,0,1,1697.28,,0
E01078,Operations,36,5,46,1,2,2883.0,3,1
E01079,Finance,50,0,52,1,1,2610.13,,0
E01080,Sales,44,1,52,1,2,2908.12,,0
E01081,IT,61,13,32,0,3,4177.27,,0
E01082,HR,45,8,35,1,2,3361.47,2,1
E01083,Sales,43,0,50,1,4,2363.25,,0
E01084,IT,34,14,37,0,1,4549.03,,0
E01085,HR,23,19,57,1,1,4774.99,2,1
E01086,Operations,42,14,38,0,1,4103.33,,0
E01087,Sales,51,15,28,1,1,4111.15,,0
E01088,IT,54,8,32,0,1,3172.4,,0
E01089,Sales,33,2,37,0,4,2954.63,,0
E01090,IT,33,15,32,0,4,4405.92,,0
E01091,Finance,25,12,31,0,2,3638.62,,0
E01092,Operations,58,14,56,1,5,3550.86,5,1
E01093,HR,52,8,52,1,5,3508.9,3,1
E01094,Sales,22,11,28,0,2,3674.07,,0
E01095,Sales,40,8,50,1,3,3314.46,,0
E01096,HR,35,10,51,1,3,3786.72,,0
E01097,IT,59,22,57,1,5,4884.41,,0
E01098,Sales,40,14,32,0,5,4528.72,,0
E01099,HR,43,13,52,1,5,4109.19,,0
E01100,Finance,36,3,36,1,3,2853.46,,0
E01101,Sales,50,6,50,1,3,3047.85,,0
E01102,IT,25,9,57,1,5,3752.77,,0
E01103,Finance,22,14,57,1,5,4069.11,,0
E01104,Finance,24,16,44,1,3,4338.27,,0
E01105,Sales,20,11,29,1,5,3260.77,,0
E01106,Operations,20,21,56,1,2,5202.29,5,1
E01107,Sales,57,17,54,1,3,4234.32,,0
E01108,Finance,43,14,35,0,4,4375.51,2,1
E01109,Operations,35,11,39,0,1,4457.38,,0
E01110,Operations,52,20,39,0,2,4946.56,,0
E01111,Finance,61,21,28,0,2,4507.74,,0
E01112,Finance,56,8,34,0,1,3671.91,,0
E01113,HR,50,10,55,1,5,3612.82,,0
E01114,Finance,42,1,39,1,5,2874.32,,0
E01115,HR,47,16,49,1,3,5037.17,,0
E01116,HR,29,21,57,1,1,4848.1,,0
E01117,IT,31,7,58,1,4,3295.22,,0
E01118,Sales,43,9,58,1,4,3493.86,,0
E01119,Sales,47,11,41,0,3,3884.71,,0
E01120,Sales,56,22,47,1,1,5628.58,3,1
E01121,IT,38,20,29,0,2,4804.92,,0
E01122,Operations,43,12,36,0,3,4168.16,,0
E01123,Operations,62,22,43,0,3,5205.0,,0
E01124,IT,56,1,36,0,5,2548.01,,0
E01125,HR,48,9,33,0,4,3811.53,,0
E01126,Sales,52,6,33,0,4,3046.15,,0
E01127,IT,30,18,35,0,4,5258.31,,0
E01128,HR,42,0,31,0,4,2541.67,,0
E01129,Finance,57,11,48,1,3,4461.76,1,1
E01130,IT,33,3,58,1,4,3157.06,,0
E01131,HR,43,3,29,1,3,3097.68,,0
E01132,HR,50,15,32,0,5,4489.42,,0
E01133,Operations,39,10,55,1,1,3986.38,,0
E01134,HR,55,1,51,1,2,2825.79,,0
E01135,HR,21,18,48,1,1,4468.65,,0
E01136,Finance,59,22,43,0,5,4748.65,,0
E01137,Operations,40,16,51,1,3,4361.85,2,1
E01138,Sales,21,11,46,1,5,3783.47,,0
E01139,Sales,22,0,33,0,4,2371.85,,0
E01140,Finance,25,16,44,1,4,4734.49,,0
E01141,Operations,26,15,46,1,1,3490.88,,0
E01142,Finance,35,12,50,1,2,3918.21,,0
E01143,Sales,56,7,30,0,2,3351.31,,0
E01144,IT,21,21,41,1,3,4487.72,,0
E01145,HR,20,6,57,1,1,3477.94,2,1
E01146,Operations,52,7,56,1,2,3480.51,3,1
E01147,HR,27,12,42,0,1,3866.01,,0
E01148,Finance,39,1,54,1,3,2809.25,2,1
E01149,HR,43,8,41,0,5,3509.45,,0
E01150,IT,52,9,58,1,5,3586.92,,0
E01151,IT,20,5,42,0,1,2586.49,,0
E01152,Finance,42,19,40,0,5,4172.7,,0
E01153,Finance,24,12,32,0,5,3899.82,3,1
E01154,Finance,42,14,30,0,5,3422.05,,0
E01155,Sales,32,11,36,1,5,3733.56,,0
E01156,IT,32,0,51,1,4,3492.4,,0
E01157,HR,49,15,35,0,3,3698.64,,0
E01158,Operations,49,11,43,0,2,3924.98,,0
E01159,Finance,22,1,54,1,3,3000.74,,0
E01160,Sales,47,2,52,1,4,3185.89,,0
E01161,HR,27,14,49,1,4,4223.04,,0
E01162,Finance,23,8,34,0,1,3774.91,,0
E01163,Operations,35,12,31,0,1,3816.39,,0
E01164,HR,29,5,46,1,2,2876.41,,0
E01165,Operations,30,19,50,1,2,4891.55,,0
E01166,HR,46,21,28,0,2,4715.02,,0
E01167,IT,31,15,36,0,1,4519.11,,0
E01168,Operations,21,4,55,1,2,2455.08,,0
E01169,IT,33,6,57,1,2,3182.55,,0
E01170,Operations,42,0,45,1,2,2103.99,,0
E01171,IT,40,10,31,0,2,3491.22,,0
E01172,Sales,39,3,28,0,3,3032.62,,0
E01173,HR,45,1,39,0,5,2487.73,,0
E01174,HR,49,16,54,1,2,3887.86,,0
E01175,HR,21,8,40,0,4,3968.0,,0
E01176,Sales,28,18,36,0,4,4875.33,,0
E01177,Sales,45,17,36,0,1,4121.92,,0
E01178,Operations,43,19,40,0,2,5222.65,,0
E01179,Operations,46,1,50,1,2,2974.35,,0
E01180,IT,27,11,46,1,4,3231.42,,0
E01181,Sales,29,20,35,0,1,4815.48,,0
E01182,HR,52,8,34,0,2,3299.69,,0
E01183,Finance,37,16,37,0,2,4234.56,,0
E01184,HR,36,15,33,0,2,4037.04,,0
E01185,HR,24,2,30,0,4,2667.7,,0
E01186,Operations,34,1,43,0,5,2473.65,,0
E01187,HR,26,14,39,0,2,4199.89,,0
E01188,Finance,60,4,51,1,4,3916.76,,0
E01189,Finance,60,17,56,1,4,3548.9,,0
E01190,Operations,28,14,57,1,4,3632.68,1,1
E01191,Sales,61,8,44,1,1,3729.03,,0
E01192,Operations,20,3,42,0,5,2475.43,,0
E01193,Finance,60,7,36,0,4,3504.22,,0
E01194,Operations,46,2,40,0,5,2644.24,,0
E01195,Finance,55,12,54,1,3,4143.79,,0
E01196,Sales,59,14,32,1,5,3422.7,1,1
E01197,HR,22,20,47,1,5,5118.56,,0
E01198,Sales,25,16,42,1,1,4558.24,,0
E01199,Sales,39,15,57,1,2,4188.89,,0
E01200,Finance,45,22,38,0,1,5020.02,,0
E01201,Operations,59,9,33,1,3,3850.72,,0
E01202,Operations,38,0,54,1,2,2831.4,,0
E01203,IT,35,9,56,1,5,3802.04,2,1
E01204,HR,37,3,47,1,4,2840.87,,0
E01205,Finance,57,18,57,1,4,4505.15,,0
E01206,Sales,59,1,45,1,5,2684.25,,0
E01207,Sales,34,16,55,1,1,4493.01,,0
E01208,Sales,28,8,28,1,2,3126.46,,0
E01209,Operations,59,11,42,1,5,4036.61,,0
E01210,Operations,58,7,49,1,3,3613.28,,0
E01211,Sales,26,3,39,0,2,2518.91,,0
E01212,Operations,32,7,37,0,3,3247.32,,0
E01213,HR,49,10,53,1,2,3467.71,,0
E01214,Sales,59,15,56,1,3,4560.88,,0
E01215,Sales,30,0,54,1,4,3022.35,,0
E01216,IT,36,2,55,1,2,3027.33,1,1
E01217,IT,55,13,32,0,2,3799.32,,0
E01218,HR,30,17,49,1,5,4369.3,1,1
E01219,HR,33,12,41,0,5,3265.88,,0
E01220,Finance,38,0,45,1,5,2421.22,,0
E01221,HR,20,15,41,1,3,4429.94,,0
E01222,Sales,45,16,43,0,3,4313.49,,0
E01223,IT,32,8,29,0,5,3443.75,,0
E01224,HR,35,0,32,0,4,3036.12,,0
E01225,Sales,59,22,51,1,4,4782.67,,0
E01226,IT,31,0,47,1,1,3420.7,,0
E01227,HR,30,10,32,1,5,4060.77,,0
E01228,HR,45,5,55,1,2,2543.88,,0
E01229,IT,55,2,38,0,5,2383.53,,0
E01230,Operations,41,4,46,1,1,2791.3,,0
E01231,Finance,22,9,49,1,2,3981.67,,0
E01232,Operations,34,1,42,1,3,2862.01,,0
E01233,Sales,54,17,43,1,2,4412.84,,0
E01234,IT,35,2,50,1,2,2992.16,3,1
E01235,Sales,39,18,38,0,5,4302.0,,0
E01236,HR,48,16,57,1,4,4627.36,,0
E01237,IT,30,11,45,1,4,3364.48,,0
E01238,IT,57,19,45,1,5,4711.08,,0
E01239,HR,46,8,56,1,5,3517.51,,0
E01240,Operations,34,17,50,1,1,3989.43,,0
E01241,IT,28,22,28,1,3,4959.26,1,1
E01242,IT,47,16,57,1,5,4403.41,,0
E01243,Finance,43,4,58,1,5,2828.19,,0
E01244,HR,26,4,28,0,1,2893.92,,0
E01245,Operations,58,17,38,0,2,4571.24,,0
E01246,HR,45,10,45,1,2,4312.15,,0
E01247,Finance,62,16,37,0,3,4207.96,,0
E01248,IT,39,11,56,1,1,3689.67,,0
E01249,IT,34,5,42,0,4,3288.42,,0
E01250,HR,35,12,35,0,1,3671.02,,0
E01251,HR,61,16,36,0,5,4855.28,,0
E01252,HR,49,14,30,0,5,3668.27,,0
E01253,Finance,44,1,38,0,5,2713.41,,0
E01254,Operations,29,2,53,1,4,2566.68,,0
E01255,Operations,35,5,54,1,1,2553.65,3,1
E01256,Finance,41,7,32,0,2,3644.7,,0
E01257,HR,33,16,36,0,1,4212.1,,0
E01258,HR,48,22,44,1,5,5145.63,,0
E01259,HR,37,4,58,1,5,2781.44,,0
E01260,Operations,51,3,49,1,4,3580.08,,0
E01261,Sales,22,15,36,0,3,4106.09,,0
E01262,Finance,36,4,58,1,3,3171.91,,0
E01263,HR,52,2,58,1,2,2492.81,3,1
E01264,Sales,31,19,31,1,3,4498.92,,0
E01265,IT,60,12,55,1,4,3554.93,3,1
E01266,HR,55,13,44,1,1,3849.97,,0
E01267,IT,22,4,28,0,5,2510.26,,0
E01268,Sales,59,10,37,0,1,4223.81,,0
E01269,Finance,47,13,49,1,5,3981.06,,0
E01270,Finance,43,21,56,1,3,5411.68,,0
E01271,HR,54,6,49,1,5,3790.69,,0
E01272,IT,21,16,29,0,5,4033.03,,0
E01273,HR,30,18,48,1,3,4445.89,3,1
E01274,Finance,53,7,35,0,4,3423.04,,0
E01275,Finance,21,9,54,1,3,3832.71,,0
E01276,Finance,39,2,51,1,1,2881.33,,0
E01277,Sales,31,17,37,0,5,4222.12,,0
E01278,Operations,46,3,34,0,1,3420.52,,0
E01279,HR,53,3,40,1,1,3172.03,4,1
E01280,Finance,32,6,51,1,2,3369.57,1,1
E01281,Finance,42,7,39,0,1,3242.83,,0
E01282,Operations,25,4,42,0,1,2820.72,,0
E01283,Finance,49,9,29,0,4,3523.33,,0
E01284,Finance,47,22,44,1,1,4684.29,,0
E01285,HR,45,19,39,0,2,4547.8,,0
E01286,Operations,57,21,46,1,1,5161.82,,0
E01287,Sales,31,20,44,1,1,4979.25,,0
E01288,IT,47,5,44,1,4,3804.37,,0
E01289,IT,24,3,29,0,4,2845.41,,0
E01290,Operations,62,13,39,0,3,4310.13,,0
E01291,Finance,60,3,45,1,1,3338.87,,0
E01292,HR,44,17,58,1,4,4280.73,,0
E01293,Finance,37,17,35,0,2,4501.24,,0
E01294,Operations,44,19,53,1,1,4441.85,,0
E01295,Finance,60,18,49,1,4,4561.41,,0
E01296,IT,47,15,43,0,5,4561.84,,0
E01297,Operations,50,4,42,0,4,3174.11,,0
E01298,Operations,30,7,30,0,3,3376.96,,0
E01299,IT,37,11,37,0,2,3997.54,,0
E01300,HR,30,14,29,1,2,3944.26,,0
E01301,Sales,48,20,55,1,1,4843.01,,0
E01302,HR,34,3,47,1,4,2898.96,,0
E01303,Finance,45,6,50,1,2,3003.3,,0
E01304,HR,29,6,31,0,3,2997.16,,0
E01305,Finance,35,19,45,1,4,4867.61,,0
E01306,HR,55,0,36,0,3,2847.45,,0
E01307,Operations,47,14,57,1,4,3624.64,,0
E01308,Operations,25,22,43,0,4,5777.5,,0
E01309,IT,34,17,53,1,1,4099.5,,0
E01310,Sales,30,15,38,0,1,4145.34,,0
E01311,Finance,38,13,39,0,1,3766.42,,0
E01312,Sales,23,13,46,1,4,3945.73,2,1
E01313,Sales,40,14,41,0,1,3867.81,,0
E01314,IT,43,3,57,1,3,3104.85,,0
E01315,HR,47,19,35,0,3,4555.03,,0
E01316,HR,23,14,49,1,3,4436.24,,0
E01317,HR,58,2,58,1,1,2965.0,1,1
E01318,Finance,32,22,58,1,1,5270.81,,0
E01319,HR,38,19,41,0,2,4569.02,,0
E01320,HR,51,14,50,1,5,4652.86,,0
E01321,Finance,39,9,30,0,3,3858.76,,0
E01322,HR,25,12,42,0,2,3263.93,,0
E01323,Operations,42,2,31,0,5,2502.95,,0
E01324,HR,32,16,32,0,4,4368.24,,0
E01325,IT,20,19,29,0,3,5187.86,,0
E01326,IT,32,6,58,1,3,3011.2,,0
E01327,Sales,21,5,58,1,5,3127.41,,0
E01328,Finance,56,18,34,0,4,4369.23,,0
E01329,HR,21,21,32,0,2,4533.21,,0
E01330,Finance,44,16,55,1,3,3904.54,,0
E01331,IT,34,13,36,0,4,4030.33,,0
E01332,Finance,55,17,58,1,4,4442.49,,0
E01333,IT,37,16,49,1,1,3639.7,,0
E01334,Operations,22,3,40,0,3,3174.69,,0
E01335,IT,37,19,41,1,2,4505.53,,0
E01336,Finance,34,6,28,0,5,3227.7,,0
E01337,IT,46,4,48,1,1,2658.14,,0
E01338,Sales,24,8,45,1,3,3687.24,,0
E01339,HR,50,8,30,0,5,2882.76,,0
E01340,Finance,46,1,48,1,2,2898.21,,0
E01341,Operations,27,0,34,0,4,2091.26,,0
E01342,Sales,28,16,50,1,4,4356.12,,0
E01343,HR,39,20,32,0,1,4924.48,,0
E01344,Operations,30,13,28,1,4,3869.86,,0
E01345,Operations,48,16,53,1,5,3451.26,,0
E01346,IT,56,14,45,1,1,4318.0,,0
E01347,Sales,26,19,44,1,3,4561.84,,0
E01348,Finance,39,15,37,0,5,4341.63,,0
E01349,Sales,39,7,49,1,2,3596.33,,0
E01350,Sales,48,20,34,0,1,4741.01,,0
E01351,Operations,46,22,58,1,1,4917.69,,0
E01352,Finance,55,8,57,1,2,3400.92,,0
E01353,Sales,57,8,36,1,4,3829.04,,0
E01354,IT,47,1,40,0,2,2982.73,,0
E01355,Sales,26,2,46,1,3,2468.36,,0
E01356,Operations,44,20,32,1,2,4545.72,3,1
E01357,Finance,60,20,29,0,5,4965.27,,0
E01358,Finance,20,17,49,1,3,4056.08,,0
E01359,Operations,40,15,38,0,1,4295.99,,0
E01360,Operations,21,16,32,0,5,3992.96,,0
E01361,Operations,27,20,56,1,2,4558.9,,0
E01362,HR,22,7,39,0,1,3360.73,,0
E01363,Sales,29,8,37,0,5,3159.11,,0
E01364,IT,51,2,57,1,4,2682.14,,0
E01365,HR,47,19,41,0,5,4792.62,,0
E01366,Operations,54,9,54,1,2,3256.74,,0
E01367,Operations,31,13,54,1,1,4142.2,,0
E01368,Sales,49,20,43,0,2,4976.62,,0
E01369,Operations,46,16,47,1,1,4285.54,,0
E01370,Sales,31,7,33,1,5,2964.1,,0
E01371,IT,59,14,52,1,1,4541.88,,0
E01372,HR,53,0,49,1,4,3155.63,,0
E01373,IT,40,16,55,1,5,4504.51,,0
E01374,Sales,44,2,38,1,2,2609.43,,0
E01375,IT,62,21,36,0,5,4468.05,,0
E01376,Operations,45,12,40,0,5,3432.43,,0
E01377,Sales,34,1,30,0,4,2598.66,,0
E01378,IT,43,1,58,1,2,2234.81,5,1
E01379,HR,53,2,35,0,3,3045.17,,0
E01380,Sales,25,15,51,1,1,4999.54,2,1
E01381,HR,55,9,34,0,1,3746.1,3,1
E01382,HR,32,6,40,0,4,3105.21,,0
E01383,HR,26,21,49,1,5,4790.64,,0
E01384,IT,41,8,33,0,1,4178.2,,0
E01385,HR,49,12,49,1,2,3721.59,,0
E01386,Finance,59,8,41,0,4,3599.09,,0
E01387,Operations,24,22,43,0,5,4576.34,,0
E01388,Operations,42,2,34,0,2,3111.29,,0
E01389,Operations,43,10,51,1,2,3554.48,3,1
E01390,HR,26,21,47,1,3,4817.99,,0
E01391,HR,46,9,55,1,2,3967.13,,0
E01392,IT,48,7,35,1,3,3158.12,3,1
E01393,Sales,33,8,40,0,2,3594.11,,0
E01394,Operations,50,22,39,0,4,5090.28,,0
E01395,Sales,27,1,57,1,1,2506.71,,0
E01396,Sales,52,8,29,0,4,3402.23,2,1
E01397,HR,50,14,48,1,1,4759.5,,0
E01398,HR,22,19,34,0,1,4141.55,,0
E01399,Finance,27,20,48,1,4,4776.06,5,1
E01400,IT,47,22,54,1,2,5163.56,3,1
E01401,Sales,61,14,50,1,3,4611.61,,0
E01402,Finance,30,1,28,0,4,2946.9,,0
E01403,Operations,41,16,29,0,4,5299.56,,0
E01404,Sales,39,14,36,1,2,4178.35,,0
E01405,Operations,21,3,53,1,4,3055.93,,0
E01406,Operations,22,12,39,0,1,3265.89,5,1
E01407,HR,60,16,50,1,3,5081.18,,0
E01408,Finance,39,3,32,0,2,2697.69,,0
E01409,IT,46,4,57,1,1,2550.73,,0
E01410,IT,42,0,49,1,3,1745.15,,0
E01411,Operations,49,9,52,1,2,3343.52,3,1
E01412,Operations,37,4,34,1,5,2741.25,,0
E01413,Sales,57,2,30,1,4,2511.21,,0
E01414,Sales,30,3,38,0,3,3273.65,,0
E01415,HR,44,10,46,1,1,3987.13,,0
E01416,Sales,27,18,28,0,4,4579.46,,0
E01417,Operations,21,14,51,1,2,4026.95,,0
E01418,Operations,34,18,32,0,2,4434.89,,0
E01419,HR,30,0,49,1,3,2664.25,,0
E01420,Finance,53,10,53,1,5,3639.81,,0
E01421,Sales,46,8,52,1,3,3676.88,,0
E01422,IT,41,11,53,1,4,3812.91,,0
E01423,Sales,49,8,37,0,3,2674.1,,0
E01424,Operations,53,5,50,1,2,3247.34,1,1
E01425,IT,55,21,56,1,5,4987.1,,0
E01426,IT,45,9,47,1,1,3190.67,,0
E01427,HR,45,10,29,0,3,4315.21,,0
E01428,Sales,21,19,36,0,2,4404.39,,0
E01429,Finance,41,1,56,1,2,2213.1,,0
E01430,IT,55,2,42,1,3,2889.23,,0
E01431,IT,29,2,37,0,5,3246.94,,0
E01432,IT,29,18,49,1,5,5340.45,,0
E01433,Finance,36,22,37,0,2,4931.82,,0
E01434,Operations,22,3,30,0,1,2748.32,,0
E01435,IT,31,15,30,0,1,4014.55,,0
E01436,IT,36,21,28,0,4,5110.33,,0
E01437,Operations,39,14,52,1,2,3607.96,,0
E01438,HR,33,7,57,1,3,3923.08,,0
E01439,HR,59,18,35,0,5,4613.23,,0
E01440,IT,40,12,46,1,2,3867.85,,0
E01441,Finance,55,12,58,1,5,3382.81,,0
E01442,Finance,58,21,31,0,5,4776.89,4,1
E01443,Operations,55,21,48,1,2,4873.19,,0
E01444,Operations,49,9,50,1,1,3629.15,,0
E01445,HR,38,14,58,1,3,4207.9,,0
E01446,Sales,39,0,32,0,4,3238.25,,0
E01447,Finance,58,20,53,1,5,4344.17,,0
E01448,Finance,49,16,41,0,2,4323.09,,0
E01449,Finance,37,13,31,0,4,4045.49,,0
E01450,Finance,33,10,44,1,2,4252.93,,0
E01451,Sales,62,13,36,0,5,3875.97,,0
E01452,Finance,57,1,28,1,5,2743.04,,0
E01453,Finance,62,16,41,0,5,4297.34,,0
E01454,Finance,36,22,31,0,1,5632.49,,0
E01455,Finance,61,9,34,0,4,3771.6,,0
E01456,IT,30,11,34,1,1,3830.24,,0
E01457,IT,58,15,29,1,2,3789.85,,0
E01458,HR,29,13,37,0,3,3721.32,,0
E01459,Operations,25,0,41,0,4,2492.27,,0
E01460,Finance,32,13,35,0,1,4303.97,,0
E01461,Finance,28,16,57,1,1,4048.48,,0
E01462,Finance,53,6,57,1,2,3557.33,,0
E01463,IT,33,4,43,0,3,2677.76,,0
E01464,IT,21,16,53,1,4,4826.15,,0
E01465,Sales,54,6,41,0,4,3252.35,,0
E01466,Operations,48,14,42,0,1,3875.06,,0
E01467,Operations,31,4,57,1,1,2918.37,,0
E01468,Finance,40,8,30,0,1,3428.26,,0
E01469,IT,44,20,44,1,3,5228.42,,0
E01470,Sales,41,8,57,1,5,3463.74,,0
E01471,Sales,30,9,49,1,2,3596.8,,0
E01472,IT,26,0,30,0,4,3284.93,,0
E01473,IT,58,6,38,0,1,2900.63,,0
E01474,IT,60,17,54,1,5,4864.9,3,1
E01475,IT,32,17,28,0,3,4544.66,,0
E01476,Finance,62,12,48,1,5,4021.37,,0
E01477,IT,33,17,41,0,3,4529.32,,0
E01478,HR,41,4,55,1,4,3403.59,,0
E01479,Sales,33,0,45,1,5,2693.92,,0
E01480,IT,46,20,39,0,1,4816.98,,0
E01481,HR,62,19,52,1,4,4887.22,,0
E01482,IT,29,14,58,1,5,4277.79,,0
E01483,Operations,53,1,36,0,5,3110.88,,0
E01484,Finance,29,14,58,1,5,4091.02,,0
E01485,HR,44,18,50,1,3,4647.26,,0
E01486,HR,30,5,39,1,4,3160.65,,0
E01487,IT,60,10,48,1,5,3691.78,,0
E01488,HR,57,11,46,1,1,3970.68,,0
E01489,Operations,21,6,52,1,2,3714.86,,0
E01490,Sales,39,0,54,1,3,2219.87,,0
E01491,Finance,23,11,37,0,5,3658.81,,0
E01492,Operations,39,13,34,0,4,4264.96,,0
E01493,Finance,23,22,52,1,2,5016.19,,0
E01494,Sales,20,18,53,1,3,4733.53,4,1
E01495,Operations,44,12,48,1,2,3927.2,1,1
E01496,Sales,55,7,40,0,3,3612.05,,0
E01497,Finance,47,1,56,1,2,2781.46,2,1
E01498,Operations,33,2,29,0,1,3337.59,,0
E01499,Sales,23,10,52,1,1,3678.92,3,1
